{"UNK": 0, "淖": 20, "箩": 21, "雨": 22, "漳": 23, "慧": 24, "虐": 25, "醺": 26, "薛": 27, "流": 28, "嗟": 29, "险": 30, "眺": 31, "督": 32, "曙": 33, "愉": 34, "椽": 35, "木": 36, "毕": 37, "草": 38, "策": 39, "圭": 40, "鲫": 41, "刍": 42, "②": 43, "槲": 44, "鹞": 45, "文": 46, "坂": 47, "扑": 48, "矜": 49, "烦": 50, "墓": 51, "萃": 52, "迥": 53, "犯": 54, "堀": 55, "鼓": 56, "响": 57, "梅": 58, "赏": 59, "谐": 60, "给": 61, "杭": 62, "币": 63, "癣": 64, "釉": 65, "鱿": 66, "脸": 67, "精": 68, "追": 69, "迤": 70, "茂": 71, "粹": 72, "惆": 73, "病": 74, "季": 75, "捕": 76, "早": 77, "根": 78, "耿": 79, "爷": 80, "模": 81, "施": 82, "鸠": 83, "匙": 84, "韬": 85, "果": 86, "荪": 87, "屁": 88, "邀": 89, "溜": 90, "剽": 91, "洒": 92, "蛟": 93, "晃": 94, "荜": 95, "呻": 96, "猩": 97, "腾": 98, "赵": 99, "居": 100, "●": 101, "粉": 102, "仔": 103, "惹": 104, "竖": 105, "诊": 106, "隙": 107, "嵊": 108, "奸": 109, "邦": 110, "陨": 111, "默": 112, "锯": 113, "氯": 114, "轼": 115, "犄": 116, "张": 117, "姹": 118, "铄": 119, "姣": 120, "高": 121, "筒": 122, "诧": 123, "糌": 124, "瘤": 125, "嵩": 126, "鲜": 127, "赶": 128, "延": 129, "培": 130, "竣": 131, "密": 132, "冤": 133, "铭": 134, "击": 135, "滋": 136, "泰": 137, "蔷": 138, "坠": 139, "嘛": 140, "喷": 141, "需": 142, "瞿": 143, "琬": 144, "滁": 145, "遣": 146, "鸣": 147, "犬": 148, "淋": 149, "输": 150, "享": 151, "淦": 152, "族": 153, "铿": 154, "翎": 155, "财": 156, "唇": 157, "叩": 158, "敲": 159, "巡": 160, "椴": 161, "噩": 162, "墙": 163, "熬": 164, "拿": 165, "满": 166, "承": 167, "锋": 168, "郜": 169, "倒": 170, "挂": 171, "呈": 172, "穴": 173, "阶": 174, "骤": 175, "履": 176, "星": 177, "犊": 178, "靛": 179, "窜": 180, "蹬": 181, "婿": 182, "之": 183, "叹": 184, "战": 185, "豪": 186, "诵": 187, "羿": 188, "棣": 189, "铝": 190, "淡": 191, "匮": 192, "锰": 193, "磬": 194, "犀": 195, "铌": 196, "谬": 197, "殉": 198, "效": 199, "颚": 200, "揆": 201, "祝": 202, "甜": 203, "哄": 204, "祯": 205, "谈": 206, "焰": 207, "开": 208, "奕": 209, "炕": 210, "霆": 211, "喊": 212, "驼": 213, "铃": 214, "撷": 215, "翡": 216, "伸": 217, "脚": 218, "儒": 219, "奖": 220, "饰": 221, "澳": 222, "禹": 223, "杲": 224, "鳄": 225, "坎": 226, "良": 227, "舛": 228, "俞": 229, "采": 230, "汀": 231, "现": 232, "就": 233, "商": 234, "春": 235, "嘲": 236, "耋": 237, "戟": 238, "涡": 239, "珙": 240, "计": 241, "土": 242, "忽": 243, "誊": 244, "赅": 245, "辩": 246, "濮": 247, "召": 248, "邻": 249, "貌": 250, "蹒": 251, "岐": 252, "脍": 253, "碾": 254, "戏": 255, "裁": 256, "晾": 257, "鬣": 258, "钉": 259, "估": 260, "蟹": 261, "馈": 262, "率": 263, "昵": 264, "奄": 265, "炯": 266, "芹": 267, "畿": 268, "莅": 269, "乡": 270, "藻": 271, "我": 272, "糯": 273, "躺": 274, "辱": 275, "游": 276, "述": 277, "秤": 278, "燎": 279, "整": 280, "暄": 281, "摧": 282, "孟": 283, "楚": 284, "群": 285, "楼": 286, "伐": 287, "钕": 288, "未": 289, "樯": 290, "迂": 291, "厦": 292, "滇": 293, "各": 294, "睦": 295, "朴": 296, "戾": 297, "强": 298, "鞋": 299, "减": 300, "碗": 301, "痈": 302, "继": 303, "喧": 304, "肿": 305, "羹": 306, "几": 307, "蹋": 308, "憔": 309, "羽": 310, "束": 311, "祟": 312, "滑": 313, "嫉": 314, "檀": 315, "∶": 316, "垒": 317, "。": 318, "绞": 319, "杈": 320, "突": 321, "缤": 322, "蓉": 323, "蹈": 324, "B": 325, "速": 326, "芭": 327, "创": 328, "遑": 329, "火": 330, "截": 331, "漂": 332, "犷": 333, "＋": 334, "洽": 335, "遛": 336, "饬": 337, "溢": 338, "胝": 339, "铜": 340, "悄": 341, "嗷": 342, "增": 343, "昔": 344, "娑": 345, "恳": 346, "礴": 347, "入": 348, "篱": 349, "绚": 350, "饼": 351, "芸": 352, "〕": 353, "泓": 354, "淑": 355, "肢": 356, "兽": 357, "型": 358, "殚": 359, "址": 360, "痛": 361, "壮": 362, "叠": 363, "扎": 364, "逍": 365, "苷": 366, "褒": 367, "辆": 368, "鄙": 369, "鹊": 370, "邢": 371, "锅": 372, "龟": 373, "微": 374, "谧": 375, "豢": 376, "蚌": 377, "靳": 378, "细": 379, "哦": 380, "绷": 381, "佰": 382, "临": 383, "内": 384, "烁": 385, "猗": 386, "跑": 387, "臭": 388, "供": 389, "耳": 390, "珩": 391, "Q": 392, "遂": 393, "妆": 394, "萧": 395, "捎": 396, "趾": 397, "弟": 398, "甘": 399, "潘": 400, "栎": 401, "耽": 402, "态": 403, "谭": 404, "钟": 405, "笔": 406, "裙": 407, "禁": 408, "娘": 409, "g": 410, "裸": 411, "田": 412, "腥": 413, "湾": 414, "场": 415, "划": 416, "溘": 417, "夙": 418, "楠": 419, "牢": 420, "抡": 421, "庥": 422, "定": 423, "砺": 424, "磺": 425, "纳": 426, "谗": 427, "灾": 428, "那": 429, "呕": 430, "囚": 431, "粥": 432, "梵": 433, "斑": 434, "羲": 435, "鳟": 436, "环": 437, "＊": 438, "塘": 439, "惫": 440, "嵌": 441, "钾": 442, "汲": 443, "倡": 444, "狩": 445, "瞩": 446, "裴": 447, "羚": 448, "脆": 449, "掘": 450, "宁": 451, "籍": 452, "橥": 453, "逊": 454, "苫": 455, "妈": 456, "丞": 457, "赤": 458, "起": 459, "敢": 460, "藏": 461, "吐": 462, "悟": 463, "汰": 464, "魔": 465, "隐": 466, "碍": 467, "诚": 468, "蕴": 469, "腮": 470, "鳞": 471, "皋": 472, "曾": 473, "亮": 474, "n": 475, "泊": 476, "叛": 477, "刮": 478, "莉": 479, "旋": 480, "睹": 481, "忌": 482, "淫": 483, "摞": 484, "幼": 485, "黛": 486, "蜚": 487, "鸥": 488, "怄": 489, "匈": 490, "测": 491, "卢": 492, "榴": 493, "穷": 494, "咂": 495, "俏": 496, "骟": 497, "穹": 498, "龙": 499, "袤": 500, "绘": 501, "艄": 502, "贬": 503, "呵": 504, "松": 505, "蛮": 506, "垄": 507, "今": 508, "诅": 509, "疟": 510, "梏": 511, "％": 512, "寨": 513, "殷": 514, "雳": 515, "呓": 516, "假": 517, "芳": 518, "能": 519, "堂": 520, "诙": 521, "邝": 522, "旌": 523, "艇": 524, "狄": 525, "晏": 526, "伊": 527, "兼": 528, "嫁": 529, "兀": 530, "爆": 531, "麒": 532, "缄": 533, "钬": 534, "冗": 535, "散": 536, "伤": 537, "沥": 538, "静": 539, "航": 540, "罹": 541, "呀": 542, "裂": 543, "汗": 544, "尝": 545, "轨": 546, "堡": 547, "诬": 548, "畔": 549, "歪": 550, "罪": 551, "寒": 552, "壁": 553, "申": 554, "柿": 555, "箫": 556, "蛛": 557, "胪": 558, "派": 559, "焖": 560, "阀": 561, "毙": 562, "爹": 563, "屈": 564, "踅": 565, "挽": 566, "棕": 567, "比": 568, "纷": 569, "斗": 570, "遭": 571, "平": 572, "香": 573, "呆": 574, "敏": 575, "浃": 576, "嗽": 577, "铱": 578, "唏": 579, "颤": 580, "弯": 581, "洞": 582, "打": 583, "仍": 584, "辛": 585, "皮": 586, "崛": 587, "闷": 588, "骸": 589, "甸": 590, "组": 591, "霓": 592, "扬": 593, "堆": 594, "逮": 595, "瞰": 596, "咤": 597, "站": 598, "匀": 599, "菪": 600, "罐": 601, "掰": 602, "啄": 603, "伶": 604, "粗": 605, "浸": 606, "蛋": 607, "勾": 608, "黔": 609, "抓": 610, "与": 611, "励": 612, "演": 613, "俘": 614, "X": 615, "闰": 616, "愿": 617, "卒": 618, "怂": 619, "滤": 620, "肌": 621, "骇": 622, "捅": 623, "存": 624, "躇": 625, "磊": 626, "操": 627, "凇": 628, "摸": 629, "籁": 630, "训": 631, "怕": 632, "暮": 633, "赊": 634, "疾": 635, "垮": 636, "悬": 637, "钛": 638, "故": 639, "致": 640, "局": 641, "囫": 642, "镶": 643, "司": 644, "唐": 645, "当": 646, "幕": 647, "冷": 648, "箭": 649, "聚": 650, "袄": 651, "暑": 652, "汁": 653, "辕": 654, "直": 655, "嗬": 656, "粘": 657, "酒": 658, "氏": 659, "捂": 660, "锏": 661, "貉": 662, "彦": 663, "肯": 664, "谴": 665, "推": 666, "困": 667, "症": 668, "痕": 669, "鹭": 670, "取": 671, "奚": 672, "脉": 673, "台": 674, "蔽": 675, "奔": 676, "晦": 677, "旅": 678, "铤": 679, "榭": 680, "盾": 681, "房": 682, "馍": 683, "啥": 684, "玲": 685, "抢": 686, "8": 687, "隆": 688, "涝": 689, "嘀": 690, "咱": 691, "眠": 692, "a": 693, "戡": 694, "惜": 695, "彗": 696, "颇": 697, "骂": 698, "蔺": 699, "饶": 700, "深": 701, "洪": 702, "F": 703, "红": 704, "半": 705, "造": 706, "孢": 707, "篡": 708, "寻": 709, "钻": 710, "大": 711, "皓": 712, "裔": 713, "苕": 714, "圄": 715, "臊": 716, "穿": 717, "雍": 718, "铢": 719, "汨": 720, "兴": 721, "恕": 722, "艳": 723, "肆": 724, "冥": 725, "碓": 726, "次": 727, "透": 728, "介": 729, "绝": 730, "祉": 731, "汾": 732, "莞": 733, "撑": 734, "栖": 735, "棚": 736, "攒": 737, "零": 738, "窨": 739, "钓": 740, "舀": 741, "既": 742, "艰": 743, "简": 744, "捻": 745, "投": 746, "餐": 747, "赴": 748, "球": 749, "便": 750, "男": 751, "错": 752, "赉": 753, "咖": 754, "妾": 755, "砧": 756, "攻": 757, "幢": 758, "笆": 759, "矶": 760, "叼": 761, "梭": 762, "帐": 763, "棍": 764, "少": 765, "刺": 766, "筏": 767, "惕": 768, "宪": 769, "逸": 770, "罚": 771, "忧": 772, "花": 773, "钮": 774, "试": 775, "莲": 776, "璃": 777, "捆": 778, "体": 779, "隧": 780, "嘹": 781, "弓": 782, "阳": 783, "吊": 784, "革": 785, "帼": 786, "漆": 787, "萄": 788, "屿": 789, "空": 790, "足": 791, "究": 792, "厉": 793, "杼": 794, "珠": 795, "林": 796, "垸": 797, "猎": 798, "感": 799, "疸": 800, "芝": 801, "逄": 802, "沱": 803, "诱": 804, "睢": 805, "舒": 806, "觏": 807, "傈": 808, "”": 809, "箴": 810, "村": 811, "差": 812, "阙": 813, "砸": 814, "淼": 815, "朽": 816, "泄": 817, "勿": 818, "懵": 819, "僚": 820, "容": 821, "懿": 822, "△": 823, "眈": 824, "剑": 825, "坟": 826, "兰": 827, "葬": 828, "楣": 829, "俚": 830, "棉": 831, "盅": 832, "荨": 833, "撅": 834, "搅": 835, "笋": 836, "徕": 837, "肾": 838, "亢": 839, "鳌": 840, "污": 841, "燕": 842, "频": 843, "校": 844, "丢": 845, "烷": 846, "偿": 847, "针": 848, "辘": 849, "瞌": 850, "粼": 851, "党": 852, "皖": 853, "珮": 854, "碛": 855, "阿": 856, "徒": 857, "『": 858, "玺": 859, "快": 860, "弹": 861, "企": 862, "韧": 863, "旁": 864, "栽": 865, "栈": 866, "衰": 867, "孙": 868, "敛": 869, "酱": 870, "爵": 871, "架": 872, "桓": 873, "被": 874, "曼": 875, "稣": 876, "山": 877, "疵": 878, "腈": 879, "彪": 880, "棋": 881, "他": 882, "由": 883, "岑": 884, "鲤": 885, "令": 886, "氲": 887, "破": 888, "煎": 889, "崴": 890, "黎": 891, "韫": 892, "婷": 893, "珲": 894, "至": 895, "戴": 896, "琚": 897, "戒": 898, "渑": 899, "忱": 900, "救": 901, "尊": 902, "郸": 903, "潸": 904, "睿": 905, "嗡": 906, "双": 907, "悸": 908, "辽": 909, "腩": 910, "蕾": 911, "ⅱ": 912, "鄂": 913, "篁": 914, "湃": 915, "偌": 916, "涤": 917, "庄": 918, "鹏": 919, "佑": 920, "王": 921, "锻": 922, "搡": 923, "浊": 924, "睐": 925, "滔": 926, "腠": 927, "旗": 928, "拴": 929, "‰": 930, "珈": 931, "席": 932, "厚": 933, "视": 934, "字": 935, "鼎": 936, "胁": 937, "拙": 938, "亚": 939, "泻": 940, "尼": 941, "鬓": 942, "些": 943, "评": 944, "慎": 945, "徇": 946, "2": 947, "噢": 948, "痰": 949, "翘": 950, "谛": 951, "岫": 952, "遇": 953, "焉": 954, "碴": 955, "榄": 956, "乖": 957, "玫": 958, "庞": 959, "畲": 960, "送": 961, "灌": 962, "讳": 963, "橘": 964, "稿": 965, "v": 966, "鹰": 967, "疫": 968, "铲": 969, "梆": 970, "燃": 971, "玛": 972, "改": 973, "膨": 974, "舟": 975, "宫": 976, "源": 977, "砖": 978, "揪": 979, "笈": 980, "忑": 981, "丘": 982, "砚": 983, "衙": 984, "贰": 985, "及": 986, "极": 987, "瓤": 988, "垃": 989, "菎": 990, "玉": 991, "榻": 992, "刑": 993, "狗": 994, "寥": 995, "羡": 996, "仨": 997, "会": 998, "廉": 999, "夯": 1000, "受": 1001, "课": 1002, "猛": 1003, "堰": 1004, "髦": 1005, "亭": 1006, "积": 1007, "套": 1008, "熨": 1009, "仕": 1010, "铂": 1011, "托": 1012, "瑙": 1013, "众": 1014, "痢": 1015, "盒": 1016, "稠": 1017, "烹": 1018, "泡": 1019, "胎": 1020, "貂": 1021, "倥": 1022, "滦": 1023, "瀑": 1024, "干": 1025, "摔": 1026, "撰": 1027, "相": 1028, "惩": 1029, "炊": 1030, "掖": 1031, "錾": 1032, "诩": 1033, "泛": 1034, "锢": 1035, "技": 1036, "班": 1037, "槽": 1038, "泌": 1039, "蛙": 1040, "哨": 1041, "馥": 1042, "槟": 1043, "诡": 1044, "僻": 1045, "胞": 1046, "筹": 1047, "隅": 1048, "销": 1049, "寝": 1050, "嘤": 1051, "昌": 1052, "朔": 1053, "溥": 1054, "殖": 1055, "卜": 1056, "朝": 1057, "债": 1058, "磐": 1059, "赎": 1060, "远": 1061, "万": 1062, "嶙": 1063, "苏": 1064, "眩": 1065, "理": 1066, "杖": 1067, "娼": 1068, "陡": 1069, "赫": 1070, "伫": 1071, "猴": 1072, "厄": 1073, "菅": 1074, "E": 1075, "剿": 1076, "贲": 1077, "涓": 1078, "！": 1079, "簸": 1080, "映": 1081, "帷": 1082, "岚": 1083, "讶": 1084, "刨": 1085, "艾": 1086, "聩": 1087, "衔": 1088, "消": 1089, "闾": 1090, "筵": 1091, "梢": 1092, "驶": 1093, "徐": 1094, "词": 1095, "康": 1096, "安": 1097, "刀": 1098, "勤": 1099, "巅": 1100, "尴": 1101, "肪": 1102, "匣": 1103, "掮": 1104, "崑": 1105, "域": 1106, "滂": 1107, "珑": 1108, "哇": 1109, "乃": 1110, "国": 1111, "备": 1112, "撂": 1113, "宅": 1114, "噪": 1115, "旨": 1116, "慵": 1117, "虔": 1118, "缈": 1119, "蠢": 1120, "魏": 1121, "一": 1122, "秃": 1123, "幄": 1124, "义": 1125, "烙": 1126, "冈": 1127, "贸": 1128, "霉": 1129, "员": 1130, "浙": 1131, "囱": 1132, "侈": 1133, "《": 1134, "途": 1135, "卟": 1136, "胧": 1137, "吱": 1138, "踱": 1139, "旮": 1140, "乞": 1141, "炮": 1142, "籽": 1143, "捍": 1144, "邂": 1145, "涿": 1146, "飙": 1147, "摘": 1148, "？": 1149, "濠": 1150, "啸": 1151, "呛": 1152, "炬": 1153, "踪": 1154, "裆": 1155, "讼": 1156, "避": 1157, "钠": 1158, "Ⅰ": 1159, "跌": 1160, "莫": 1161, "缨": 1162, "麓": 1163, "轮": 1164, "返": 1165, "胡": 1166, "青": 1167, "姿": 1168, "茫": 1169, "饱": 1170, "偶": 1171, "杂": 1172, "愈": 1173, "樊": 1174, "滕": 1175, "隽": 1176, "d": 1177, "皇": 1178, "馗": 1179, "绥": 1180, "肇": 1181, "利": 1182, "谅": 1183, "捩": 1184, "憨": 1185, "塑": 1186, "团": 1187, "璇": 1188, "甫": 1189, "邡": 1190, "忠": 1191, "寸": 1192, "娥": 1193, "→": 1194, "y": 1195, "斩": 1196, "船": 1197, "纲": 1198, "说": 1199, "晔": 1200, "两": 1201, "茧": 1202, "愧": 1203, "码": 1204, "琰": 1205, "膝": 1206, "注": 1207, "邪": 1208, "六": 1209, "崖": 1210, "槐": 1211, "较": 1212, "卷": 1213, "先": 1214, "遗": 1215, "警": 1216, "疯": 1217, "鹦": 1218, "醴": 1219, "莱": 1220, "酶": 1221, "祚": 1222, "谢": 1223, "谩": 1224, "椭": 1225, "千": 1226, "呱": 1227, "轩": 1228, "镂": 1229, "封": 1230, "饪": 1231, "匠": 1232, "调": 1233, "馨": 1234, "溯": 1235, "纵": 1236, "牟": 1237, "牡": 1238, "坨": 1239, "遒": 1240, "腑": 1241, "娴": 1242, "盐": 1243, "姓": 1244, "芃": 1245, "瑾": 1246, "喝": 1247, "缮": 1248, "莘": 1249, "翠": 1250, "浩": 1251, "序": 1252, "雅": 1253, "丝": 1254, "齿": 1255, "芋": 1256, "沼": 1257, "洇": 1258, "苯": 1259, "俩": 1260, "韵": 1261, "蜃": 1262, "碱": 1263, "菲": 1264, "毒": 1265, "驮": 1266, "磡": 1267, "雇": 1268, "昏": 1269, "旺": 1270, "奎": 1271, "钞": 1272, "思": 1273, "甬": 1274, "矿": 1275, "黯": 1276, "谙": 1277, "镉": 1278, "殓": 1279, "亩": 1280, "b": 1281, "搜": 1282, "莆": 1283, "M": 1284, "湟": 1285, "累": 1286, "摊": 1287, "购": 1288, "檩": 1289, "湄": 1290, "概": 1291, "赃": 1292, "嬗": 1293, "绽": 1294, "泪": 1295, "也": 1296, "系": 1297, "迹": 1298, "于": 1299, "哀": 1300, "谷": 1301, "搔": 1302, "赂": 1303, "咛": 1304, "丕": 1305, "罄": 1306, "戚": 1307, "O": 1308, "宽": 1309, "澡": 1310, "始": 1311, "芨": 1312, "吹": 1313, "诽": 1314, "书": 1315, "圈": 1316, "鼻": 1317, "央": 1318, "菱": 1319, "涟": 1320, "象": 1321, "骗": 1322, "怡": 1323, "腕": 1324, "异": 1325, "池": 1326, "璜": 1327, "勋": 1328, "臀": 1329, "瞧": 1330, "囤": 1331, "漱": 1332, "喑": 1333, "馁": 1334, "伙": 1335, "哮": 1336, "屹": 1337, "妇": 1338, "圆": 1339, "悴": 1340, "葫": 1341, "驷": 1342, "奂": 1343, "埋": 1344, "皑": 1345, "欣": 1346, "麾": 1347, "传": 1348, "、": 1349, "膘": 1350, "穆": 1351, "茵": 1352, "瓶": 1353, "盆": 1354, "缅": 1355, "莺": 1356, "焊": 1357, "怀": 1358, "触": 1359, "抛": 1360, "侠": 1361, "涎": 1362, "竞": 1363, "洲": 1364, "亵": 1365, "秸": 1366, "蛎": 1367, "莴": 1368, "驭": 1369, "膺": 1370, "江": 1371, "泽": 1372, "喘": 1373, "纹": 1374, "铎": 1375, "壤": 1376, "袋": 1377, "辰": 1378, "瑶": 1379, "鸵": 1380, "叽": 1381, "沂": 1382, "筠": 1383, "坛": 1384, "父": 1385, "乏": 1386, "保": 1387, "车": 1388, "涵": 1389, "焘": 1390, "锃": 1391, "崮": 1392, "蟋": 1393, "忙": 1394, "璀": 1395, "付": 1396, "蹲": 1397, "絮": 1398, "俎": 1399, "肽": 1400, "溅": 1401, "娉": 1402, "跋": 1403, "门": 1404, "识": 1405, "忆": 1406, "糊": 1407, "鹚": 1408, "好": 1409, "灼": 1410, "宣": 1411, "旎": 1412, "睬": 1413, "渊": 1414, "吁": 1415, "庵": 1416, "卫": 1417, "蚧": 1418, "徽": 1419, "轶": 1420, "激": 1421, "否": 1422, "品": 1423, "旦": 1424, "妫": 1425, "爽": 1426, "枯": 1427, "帮": 1428, "单": 1429, "吻": 1430, "柬": 1431, "洁": 1432, "幽": 1433, "窟": 1434, "迈": 1435, "颠": 1436, "闯": 1437, "煮": 1438, "澹": 1439, "渚": 1440, "结": 1441, "降": 1442, "谋": 1443, "食": 1444, "贮": 1445, "陷": 1446, "墟": 1447, "淌": 1448, "濯": 1449, "凛": 1450, "嗅": 1451, "练": 1452, "淳": 1453, "莽": 1454, "御": 1455, "萌": 1456, "宦": 1457, "伎": 1458, "倘": 1459, "惘": 1460, "梯": 1461, "啼": 1462, "榈": 1463, "烤": 1464, "慈": 1465, "咆": 1466, "躅": 1467, "痼": 1468, "蚕": 1469, "政": 1470, "砍": 1471, "级": 1472, "劣": 1473, "耪": 1474, "矛": 1475, "烫": 1476, "株": 1477, "娣": 1478, "颓": 1479, "帜": 1480, "斫": 1481, "弗": 1482, "下": 1483, "哈": 1484, "润": 1485, "倪": 1486, "户": 1487, "楫": 1488, "囹": 1489, "贡": 1490, "糖": 1491, "榫": 1492, "顽": 1493, "拮": 1494, "堤": 1495, "曳": 1496, "唉": 1497, "渥": 1498, "仁": 1499, "毡": 1500, "溉": 1501, "道": 1502, "欺": 1503, "樵": 1504, "筑": 1505, "琴": 1506, "堵": 1507, "麸": 1508, "角": 1509, "防": 1510, "驳": 1511, "败": 1512, "察": 1513, "焚": 1514, "唠": 1515, "菠": 1516, "澄": 1517, "添": 1518, "辅": 1519, "皱": 1520, "癌": 1521, "淘": 1522, "监": 1523, "琦": 1524, "焯": 1525, "蠕": 1526, "丈": 1527, "琳": 1528, "鬟": 1529, "拍": 1530, "泸": 1531, "庆": 1532, "沾": 1533, "昙": 1534, "卓": 1535, "绂": 1536, "螳": 1537, "铙": 1538, "主": 1539, "睑": 1540, "渡": 1541, "露": 1542, "童": 1543, "奶": 1544, "晞": 1545, "惯": 1546, "啦": 1547, "壳": 1548, "领": 1549, "须": 1550, "匾": 1551, "样": 1552, "狭": 1553, "催": 1554, "腼": 1555, "嘉": 1556, "坤": 1557, "连": 1558, "滨": 1559, "闻": 1560, "禽": 1561, "越": 1562, "颜": 1563, "遁": 1564, "蚣": 1565, "鸡": 1566, "S": 1567, "秒": 1568, "抬": 1569, "诉": 1570, "祛": 1571, "拾": 1572, "炜": 1573, "纶": 1574, "用": 1575, "想": 1576, "筐": 1577, "碳": 1578, "晌": 1579, "蔼": 1580, "茁": 1581, "钤": 1582, "颂": 1583, "栓": 1584, "姜": 1585, "虫": 1586, "共": 1587, "端": 1588, "桃": 1589, "味": 1590, "运": 1591, "绣": 1592, "罔": 1593, "忘": 1594, "引": 1595, "够": 1596, "民": 1597, "鞭": 1598, "挑": 1599, "聪": 1600, "脊": 1601, "芯": 1602, "灸": 1603, "疚": 1604, "邵": 1605, "编": 1606, "涧": 1607, "嚣": 1608, "本": 1609, "阜": 1610, "凯": 1611, "眯": 1612, "钵": 1613, "贝": 1614, "风": 1615, "廓": 1616, "酊": 1617, "筛": 1618, "霄": 1619, "馆": 1620, "乌": 1621, "町": 1622, "苓": 1623, "沈": 1624, "蜇": 1625, "集": 1626, "停": 1627, "循": 1628, "诒": 1629, "液": 1630, "骼": 1631, "状": 1632, "屯": 1633, "赌": 1634, "茏": 1635, "像": 1636, "衬": 1637, "熠": 1638, "鲍": 1639, "糟": 1640, "叱": 1641, "称": 1642, "屠": 1643, "〈": 1644, "舜": 1645, "棒": 1646, "吴": 1647, "低": 1648, "俾": 1649, "吕": 1650, "劝": 1651, "炖": 1652, "擢": 1653, "蔚": 1654, "悉": 1655, "褪": 1656, "勃": 1657, "汹": 1658, "按": 1659, "葺": 1660, "訇": 1661, "沪": 1662, "褛": 1663, "阂": 1664, "底": 1665, "汐": 1666, "牍": 1667, "庸": 1668, "潢": 1669, "秀": 1670, "诫": 1671, "谶": 1672, "岗": 1673, "澎": 1674, "缘": 1675, "扯": 1676, "句": 1677, "疹": 1678, "恼": 1679, "镌": 1680, "货": 1681, "逻": 1682, "氢": 1683, "口": 1684, "栋": 1685, "吠": 1686, "诮": 1687, "妮": 1688, "鲅": 1689, "奴": 1690, "讹": 1691, "纯": 1692, "这": 1693, "惺": 1694, "鞍": 1695, "巾": 1696, "农": 1697, "捞": 1698, "垢": 1699, "泯": 1700, "“": 1701, "凝": 1702, "茄": 1703, "胥": 1704, "倏": 1705, "苛": 1706, "奇": 1707, "砂": 1708, "喃": 1709, "吮": 1710, "译": 1711, "搦": 1712, "佣": 1713, "酿": 1714, "扶": 1715, "跤": 1716, "寡": 1717, "禾": 1718, "姥": 1719, "斜": 1720, "啁": 1721, "悯": 1722, "铁": 1723, "社": 1724, "哟": 1725, "急": 1726, "坊": 1727, "刚": 1728, "审": 1729, "迟": 1730, "华": 1731, "鸭": 1732, "桢": 1733, "剔": 1734, "蒲": 1735, "曲": 1736, "检": 1737, "抄": 1738, "蔗": 1739, "u": 1740, "厘": 1741, "苒": 1742, "廊": 1743, "辜": 1744, "猾": 1745, "覃": 1746, "秋": 1747, "琥": 1748, "脘": 1749, "世": 1750, "攀": 1751, "彩": 1752, "疼": 1753, "彝": 1754, "漫": 1755, "姻": 1756, "豆": 1757, "叙": 1758, "怪": 1759, "前": 1760, "敞": 1761, "尚": 1762, "洱": 1763, "笨": 1764, "荼": 1765, "盹": 1766, "谨": 1767, "饺": 1768, "周": 1769, "跷": 1770, "宋": 1771, "昀": 1772, "扳": 1773, "奉": 1774, "聆": 1775, "董": 1776, "毋": 1777, "舫": 1778, "忍": 1779, "抱": 1780, "酵": 1781, "啾": 1782, "范": 1783, "左": 1784, "彭": 1785, "怵": 1786, "恃": 1787, "挠": 1788, "揣": 1789, "挺": 1790, "仑": 1791, "是": 1792, "狱": 1793, "姨": 1794, "啃": 1795, "沧": 1796, "巧": 1797, "恐": 1798, "陕": 1799, "悠": 1800, "猜": 1801, "牵": 1802, "贷": 1803, "修": 1804, "篮": 1805, "郝": 1806, "帅": 1807, "痹": 1808, "优": 1809, "描": 1810, "叶": 1811, "翟": 1812, "瞥": 1813, "醋": 1814, "告": 1815, "汕": 1816, "蟠": 1817, "里": 1818, "帽": 1819, "乘": 1820, "阵": 1821, "紫": 1822, "茬": 1823, "衍": 1824, "酬": 1825, "械": 1826, "另": 1827, "捡": 1828, "冠": 1829, "牦": 1830, "版": 1831, "震": 1832, "头": 1833, "觉": 1834, "宗": 1835, "瘾": 1836, "玻": 1837, "胳": 1838, "特": 1839, "重": 1840, "渤": 1841, "耆": 1842, "葡": 1843, "候": 1844, "披": 1845, "鹿": 1846, "豫": 1847, "驸": 1848, "甩": 1849, "萝": 1850, "抚": 1851, "希": 1852, "缆": 1853, "嗓": 1854, "贩": 1855, "珞": 1856, "C": 1857, "爱": 1858, "堪": 1859, "沛": 1860, "葆": 1861, "妹": 1862, "情": 1863, "卖": 1864, "揖": 1865, "恤": 1866, "V": 1867, "槿": 1868, "表": 1869, "嘴": 1870, "踢": 1871, "认": 1872, "揩": 1873, "缰": 1874, "雄": 1875, "L": 1876, "匿": 1877, "槌": 1878, "〔": 1879, "禄": 1880, "遏": 1881, "缚": 1882, "劳": 1883, "固": 1884, "嬉": 1885, "批": 1886, "哆": 1887, "舌": 1888, "廷": 1889, "兑": 1890, "性": 1891, "抵": 1892, "…": 1893, "遵": 1894, "献": 1895, "哑": 1896, "俨": 1897, "咽": 1898, "援": 1899, "努": 1900, "份": 1901, "钡": 1902, "苹": 1903, "捭": 1904, "稳": 1905, "宝": 1906, "答": 1907, "隍": 1908, "苑": 1909, "恶": 1910, "偻": 1911, "猫": 1912, "座": 1913, "擂": 1914, "迭": 1915, "退": 1916, "悼": 1917, "贴": 1918, "毛": 1919, "擒": 1920, "伞": 1921, "陶": 1922, "历": 1923, "遥": 1924, "肝": 1925, "狙": 1926, "瞎": 1927, "溟": 1928, "伯": 1929, "姬": 1930, "西": 1931, "准": 1932, "尺": 1933, "茔": 1934, "研": 1935, "面": 1936, "掩": 1937, "蝉": 1938, "幅": 1939, "怦": 1940, "铬": 1941, "阁": 1942, "吒": 1943, "龉": 1944, "功": 1945, "条": 1946, "逐": 1947, "鲨": 1948, "萎": 1949, "唆": 1950, "恢": 1951, "茅": 1952, "肃": 1953, "汽": 1954, "伍": 1955, "i": 1956, "卦": 1957, "膛": 1958, "玩": 1959, "盲": 1960, "界": 1961, "厕": 1962, "捋": 1963, "芾": 1964, "过": 1965, "控": 1966, "拌": 1967, "柯": 1968, "晕": 1969, "库": 1970, "惑": 1971, "拳": 1972, "稔": 1973, "藤": 1974, "噘": 1975, "又": 1976, "骝": 1977, "议": 1978, "其": 1979, "寞": 1980, "杯": 1981, "笃": 1982, "砀": 1983, "咀": 1984, "痊": 1985, "亦": 1986, "陉": 1987, "仟": 1988, "芮": 1989, "蛾": 1990, "枭": 1991, "钝": 1992, "右": 1993, "捧": 1994, "涨": 1995, "褂": 1996, "悦": 1997, "篷": 1998, "收": 1999, "置": 2000, "柠": 2001, "支": 2002, "倦": 2003, "袅": 2004, "争": 2005, "暗": 2006, "埃": 2007, "牌": 2008, "医": 2009, "选": 2010, "募": 2011, "抨": 2012, "衢": 2013, "镣": 2014, "＝": 2015, "易": 2016, "桥": 2017, "找": 2018, "咨": 2019, "壶": 2020, "鲑": 2021, "预": 2022, "惊": 2023, "知": 2024, "冽": 2025, "恸": 2026, "衩": 2027, "寄": 2028, "缜": 2029, "矮": 2030, "钊": 2031, "岌": 2032, "扼": 2033, "歼": 2034, "嶷": 2035, "瞻": 2036, "伪": 2037, "嘈": 2038, "疴": 2039, "工": 2040, "卑": 2041, "眨": 2042, "妒": 2043, "仙": 2044, "宙": 2045, "绿": 2046, "波": 2047, "骥": 2048, "肉": 2049, "谏": 2050, "量": 2051, "囔": 2052, "磨": 2053, "Y": 2054, "傻": 2055, "的": 2056, "碰": 2057, "妩": 2058, "尽": 2059, "拢": 2060, "蕉": 2061, "褴": 2062, "溶": 2063, "可": 2064, "膳": 2065, "吆": 2066, "斧": 2067, "秽": 2068, "咯": 2069, "蜕": 2070, "阮": 2071, "沉": 2072, "铠": 2073, "东": 2074, "婪": 2075, "闹": 2076, "莹": 2077, "瘠": 2078, "闵": 2079, "纸": 2080, "颞": 2081, "瓮": 2082, "亏": 2083, "蚤": 2084, "塾": 2085, "权": 2086, "笛": 2087, "榕": 2088, "怒": 2089, "恋": 2090, "腿": 2091, "乾": 2092, "笼": 2093, "洛": 2094, "渝": 2095, "淇": 2096, "觚": 2097, "坐": 2098, "甭": 2099, "歧": 2100, "孬": 2101, "俊": 2102, "颊": 2103, "麟": 2104, "搭": 2105, "凿": 2106, "脱": 2107, "巴": 2108, "茹": 2109, "辍": 2110, "澈": 2111, "齐": 2112, "迅": 2113, "晶": 2114, "芬": 2115, "肮": 2116, "珀": 2117, "禧": 2118, "舍": 2119, "舆": 2120, "伦": 2121, "复": 2122, "踩": 2123, "畹": 2124, "音": 2125, "考": 2126, "孵": 2127, "泾": 2128, "耍": 2129, "芗": 2130, "蜓": 2131, "沩": 2132, "握": 2133, "徉": 2134, "栏": 2135, "诺": 2136, "妥": 2137, "窑": 2138, "谦": 2139, "陲": 2140, "辗": 2141, "筝": 2142, "繁": 2143, "崩": 2144, "3": 2145, "迢": 2146, "霖": 2147, "柳": 2148, "桀": 2149, "咸": 2150, "祸": 2151, "咪": 2152, "威": 2153, "互": 2154, "罩": 2155, "胱": 2156, "茉": 2157, "阗": 2158, "妖": 2159, "倚": 2160, "福": 2161, "粮": 2162, "显": 2163, "油": 2164, "涅": 2165, "狠": 2166, "棱": 2167, "拈": 2168, "岿": 2169, "沌": 2170, "椅": 2171, "郎": 2172, "切": 2173, "或": 2174, "带": 2175, "撩": 2176, "碧": 2177, "念": 2178, "符": 2179, "离": 2180, "限": 2181, "醛": 2182, "埙": 2183, "烂": 2184, "每": 2185, "孑": 2186, "疱": 2187, "呗": 2188, "q": 2189, "Ⅱ": 2190, "割": 2191, "墅": 2192, "烛": 2193, "衅": 2194, "睡": 2195, "熔": 2196, "窠": 2197, "韩": 2198, "翱": 2199, "柞": 2200, "夭": 2201, "晁": 2202, "睫": 2203, "趄": 2204, "拱": 2205, "枪": 2206, "斌": 2207, "杉": 2208, "箕": 2209, "嗜": 2210, "霭": 2211, "插": 2212, "哩": 2213, "惦": 2214, "蓦": 2215, "篇": 2216, "咬": 2217, "该": 2218, "糅": 2219, "谱": 2220, "寺": 2221, "详": 2222, "瑞": 2223, "舞": 2224, "硼": 2225, "羔": 2226, "哼": 2227, "盛": 2228, "琪": 2229, "z": 2230, "痒": 2231, "漏": 2232, "憬": 2233, "莨": 2234, "负": 2235, "尹": 2236, "璋": 2237, "岸": 2238, "仿": 2239, "档": 2240, "昨": 2241, "骚": 2242, "拣": 2243, "贱": 2244, "孱": 2245, "咎": 2246, "－": 2247, "层": 2248, "产": 2249, "难": 2250, "涯": 2251, "押": 2252, "誓": 2253, "咄": 2254, "夜": 2255, "蜗": 2256, "荧": 2257, "豌": 2258, "镖": 2259, "赈": 2260, "妪": 2261, "凡": 2262, "嘘": 2263, "种": 2264, "孝": 2265, "侣": 2266, "役": 2267, "藓": 2268, "诗": 2269, "俑": 2270, "瓷": 2271, "哽": 2272, "贞": 2273, "脯": 2274, "锶": 2275, "肥": 2276, "允": 2277, "坚": 2278, "彀": 2279, "魂": 2280, "楷": 2281, "隘": 2282, "鸢": 2283, "材": 2284, "气": 2285, "鹃": 2286, "懒": 2287, "捷": 2288, "佼": 2289, "牒": 2290, "℃": 2291, "数": 2292, "锵": 2293, "侥": 2294, "〉": 2295, "智": 2296, "竿": 2297, "旬": 2298, "蔓": 2299, "臣": 2300, "丫": 2301, "挞": 2302, "茶": 2303, "畅": 2304, "橡": 2305, "孔": 2306, "旧": 2307, "袱": 2308, "成": 2309, "缕": 2310, "蜿": 2311, "怯": 2312, "娇": 2313, "畏": 2314, "桠": 2315, "绊": 2316, "疗": 2317, "谍": 2318, "陈": 2319, "昂": 2320, "勇": 2321, "振": 2322, "届": 2323, "晓": 2324, "攘": 2325, "钽": 2326, "启": 2327, "扪": 2328, "屋": 2329, "挣": 2330, "窃": 2331, "赔": 2332, "绍": 2333, "糕": 2334, "为": 2335, "磋": 2336, "舰": 2337, "杨": 2338, "梗": 2339, "蔑": 2340, "阖": 2341, "沙": 2342, "鬃": 2343, "宿": 2344, "升": 2345, "床": 2346, "恰": 2347, "饮": 2348, "蔻": 2349, "渭": 2350, "秘": 2351, "茨": 2352, "硕": 2353, "法": 2354, "峭": 2355, "茎": 2356, "戳": 2357, "买": 2358, "招": 2359, "因": 2360, "晒": 2361, "惚": 2362, "挈": 2363, "闳": 2364, "棺": 2365, "徨": 2366, "聿": 2367, "殃": 2368, "臾": 2369, "觅": 2370, "偃": 2371, "饵": 2372, "靥": 2373, "粱": 2374, "具": 2375, "人": 2376, "孜": 2377, "咣": 2378, "狐": 2379, "谲": 2380, "拇": 2381, "化": 2382, "耻": 2383, "钩": 2384, "坡": 2385, "氵": 2386, "缴": 2387, "咧": 2388, "举": 2389, "薇": 2390, "配": 2391, "盖": 2392, "孽": 2393, "痂": 2394, "才": 2395, "恩": 2396, "和": 2397, "装": 2398, "拒": 2399, "甚": 2400, "霞": 2401, "窘": 2402, "塬": 2403, "蟀": 2404, "汇": 2405, "楞": 2406, "乎": 2407, "竹": 2408, "扉": 2409, "询": 2410, "冉": 2411, "拂": 2412, "霹": 2413, "胚": 2414, "纭": 2415, "浒": 2416, "俐": 2417, "臻": 2418, "佚": 2419, "稽": 2420, "魅": 2421, "肩": 2422, "女": 2423, "腊": 2424, "扰": 2425, "办": 2426, "揉": 2427, "吸": 2428, "谟": 2429, "溴": 2430, "痱": 2431, "看": 2432, "患": 2433, "亥": 2434, "炎": 2435, "翅": 2436, "撞": 2437, "D": 2438, "揄": 2439, "玖": 2440, "慰": 2441, "桐": 2442, "眸": 2443, "汤": 2444, "慕": 2445, "畜": 2446, "骁": 2447, "罢": 2448, "有": 2449, "画": 2450, "第": 2451, "质": 2452, "咫": 2453, "科": 2454, "帕": 2455, "银": 2456, "酞": 2457, "饯": 2458, "翕": 2459, "娱": 2460, "啤": 2461, "＆": 2462, "祁": 2463, "她": 2464, "尘": 2465, "铺": 2466, "铉": 2467, "坦": 2468, "刘": 2469, "析": 2470, "勐": 2471, "酸": 2472, "飞": 2473, "傲": 2474, "冕": 2475, "亓": 2476, "俱": 2477, "瀚": 2478, "菁": 2479, "潍": 2480, "乔": 2481, "纱": 2482, "随": 2483, "矢": 2484, "I": 2485, "暇": 2486, "严": 2487, "经": 2488, "陀": 2489, "挪": 2490, "蜒": 2491, "樱": 2492, "典": 2493, "凼": 2494, "讪": 2495, "淤": 2496, "坝": 2497, "郊": 2498, "邃": 2499, "缪": 2500, "燮": 2501, "萱": 2502, "杳": 2503, "幻": 2504, "期": 2505, "愣": 2506, "富": 2507, "滥": 2508, "吓": 2509, "蹦": 2510, "欲": 2511, "鸾": 2512, "热": 2513, "友": 2514, "适": 2515, "螺": 2516, "鲭": 2517, "椒": 2518, "交": 2519, "寇": 2520, "藐": 2521, "麻": 2522, "庶": 2523, "命": 2524, "钎": 2525, "馅": 2526, "沓": 2527, "醒": 2528, "缓": 2529, "礼": 2530, "臧": 2531, "笳": 2532, "惰": 2533, "善": 2534, "牧": 2535, "裕": 2536, "骆": 2537, "锗": 2538, "蝇": 2539, "勰": 2540, "赦": 2541, "责": 2542, "移": 2543, "嘟": 2544, "榨": 2545, "桑": 2546, "诿": 2547, "咕": 2548, "窗": 2549, "路": 2550, "石": 2551, "短": 2552, "趔": 2553, "秧": 2554, "柱": 2555, "闪": 2556, "脖": 2557, "县": 2558, "皎": 2559, "哺": 2560, "漪": 2561, "敷": 2562, "苍": 2563, "芥": 2564, "葛": 2565, "驱": 2566, "逅": 2567, "拭": 2568, "递": 2569, "峨": 2570, "岙": 2571, "剪": 2572, "掣": 2573, "袍": 2574, "迸": 2575, "爿": 2576, "栗": 2577, "滴": 2578, "煜": 2579, "昭": 2580, "辑": 2581, "晋": 2582, "桌": 2583, "窍": 2584, "绎": 2585, "刽": 2586, "鹜": 2587, "暖": 2588, "煞": 2589, "庐": 2590, "绅": 2591, "伽": 2592, "剁": 2593, "饥": 2594, "浴": 2595, "案": 2596, "垛": 2597, "阱": 2598, "丰": 2599, "郭": 2600, "挨": 2601, "郁": 2602, "统": 2603, "酝": 2604, "黏": 2605, "尾": 2606, "巍": 2607, "死": 2608, "兹": 2609, "琢": 2610, "钰": 2611, "依": 2612, "糠": 2613, "务": 2614, "瞵": 2615, "讴": 2616, "瘦": 2617, "匡": 2618, "迷": 2619, "阔": 2620, "腐": 2621, "狼": 2622, "瞒": 2623, "药": 2624, "稷": 2625, "洙": 2626, "臼": 2627, "傅": 2628, "瑟": 2629, "苦": 2630, "绒": 2631, "珏": 2632, "浜": 2633, "老": 2634, "娲": 2635, "压": 2636, "疤": 2637, "槁": 2638, "疡": 2639, "s": 2640, "浏": 2641, "朗": 2642, "绰": 2643, "惠": 2644, "院": 2645, "淆": 2646, "彰": 2647, "袒": 2648, "朵": 2649, "榉": 2650, "片": 2651, "俄": 2652, "迪": 2653, "综": 2654, "跳": 2655, "危": 2656, "郾": 2657, "辄": 2658, "守": 2659, "旷": 2660, "哭": 2661, "纣": 2662, "刻": 2663, "囵": 2664, "酹": 2665, "枫": 2666, "恙": 2667, "岭": 2668, "魁": 2669, "蓥": 2670, "疲": 2671, "扩": 2672, "拆": 2673, "灭": 2674, "踵": 2675, "圪": 2676, "还": 2677, "欢": 2678, "镛": 2679, "听": 2680, "谓": 2681, "择": 2682, "褐": 2683, "涂": 2684, "巢": 2685, "艮": 2686, "戎": 2687, "娆": 2688, "凹": 2689, "庙": 2690, "促": 2691, "躬": 2692, "喇": 2693, "者": 2694, "雪": 2695, "欧": 2696, "分": 2697, "臆": 2698, "呜": 2699, "昱": 2700, "燥": 2701, "报": 2702, "拐": 2703, "娟": 2704, "基": 2705, "滢": 2706, "许": 2707, "很": 2708, "匪": 2709, "泗": 2710, "锦": 2711, "实": 2712, "耙": 2713, "娅": 2714, "蔡": 2715, "价": 2716, "祥": 2717, "堕": 2718, "损": 2719, "戛": 2720, "扒": 2721, "租": 2722, "溺": 2723, "捶": 2724, "圻": 2725, "超": 2726, "茜": 2727, "硬": 2728, "耀": 2729, "僵": 2730, "段": 2731, "汉": 2732, "睇": 2733, "页": 2734, "谎": 2735, "蚀": 2736, "冯": 2737, "刃": 2738, "霈": 2739, "霏": 2740, "宥": 2741, "凸": 2742, "签": 2743, "只": 2744, "芜": 2745, "趟": 2746, "徊": 2747, "枷": 2748, "臂": 2749, "佃": 2750, "峙": 2751, "所": 2752, "琅": 2753, "圃": 2754, "骧": 2755, "蠡": 2756, "雌": 2757, "塞": 2758, "莓": 2759, "身": 2760, "锤": 2761, "狈": 2762, "劈": 2763, "荫": 2764, "串": 2765, "蜻": 2766, "伏": 2767, "宵": 2768, "沃": 2769, "绑": 2770, "野": 2771, "簇": 2772, "骏": 2773, "湿": 2774, "记": 2775, "梁": 2776, "垠": 2777, "跹": 2778, "太": 2779, "杆": 2780, "稞": 2781, "荡": 2782, "捺": 2783, "晨": 2784, "滹": 2785, "匆": 2786, "忖": 2787, "题": 2788, "岷": 2789, "簌": 2790, "矍": 2791, "晚": 2792, "N": 2793, "氟": 2794, "蛇": 2795, "而": 2796, "槛": 2797, "蚁": 2798, "侄": 2799, "潭": 2800, "滩": 2801, "明": 2802, "丧": 2803, "脾": 2804, "肘": 2805, "腌": 2806, "贻": 2807, "遐": 2808, "沅": 2809, "愁": 2810, "P": 2811, "若": 2812, "辉": 2813, "诎": 2814, "阐": 2815, "锄": 2816, "唤": 2817, "语": 2818, "坞": 2819, "赋": 2820, "鹄": 2821, "礁": 2822, "摄": 2823, "膻": 2824, "沣": 2825, "讨": 2826, "逛": 2827, "渗": 2828, "铮": 2829, "旱": 2830, "儿": 2831, "葳": 2832, "笺": 2833, "惭": 2834, "扫": 2835, "噜": 2836, "矣": 2837, "弩": 2838, "排": 2839, "瓣": 2840, "缔": 2841, "治": 2842, "毽": 2843, "婀": 2844, "怖": 2845, "织": 2846, "骷": 2847, "个": 2848, "艘": 2849, "荟": 2850, "9": 2851, "纰": 2852, "闸": 2853, "误": 2854, "歆": 2855, "钴": 2856, "烊": 2857, "孕": 2858, "慌": 2859, "躁": 2860, "导": 2861, "剃": 2862, "夹": 2863, "蛊": 2864, "逆": 2865, "削": 2866, "锴": 2867, "律": 2868, "峋": 2869, "壬": 2870, "诈": 2871, "兖": 2872, "氨": 2873, "趚": 2874, "踟": 2875, "猿": 2876, "赖": 2877, "妄": 2878, "斓": 2879, "蛳": 2880, "涩": 2881, "驻": 2882, "不": 2883, "禺": 2884, "蜜": 2885, "蓊": 2886, "余": 2887, "浅": 2888, "拉": 2889, "；": 2890, "鲁": 2891, "南": 2892, "绳": 2893, "回": 2894, "夷": 2895, "：": 2896, "跃": 2897, "窥": 2898, "幸": 2899, "蹄": 2900, "纽": 2901, "构": 2902, "甄": 2903, "喉": 2904, "詹": 2905, "到": 2906, "潞": 2907, "悲": 2908, "帘": 2909, "枞": 2910, "奥": 2911, "股": 2912, "湮": 2913, "俯": 2914, "獗": 2915, "爬": 2916, "么": 2917, "亨": 2918, "畴": 2919, "茗": 2920, "泳": 2921, "删": 2922, "懈": 2923, "机": 2924, "拷": 2925, "妓": 2926, "苌": 2927, "达": 2928, "汩": 2929, "宾": 2930, "徜": 2931, "媒": 2932, "纫": 2933, "蓓": 2934, "劾": 2935, "神": 2936, "嚼": 2937, "丹": 2938, "沭": 2939, "，": 2940, "桔": 2941, "赓": 2942, "金": 2943, "咋": 2944, "读": 2945, "诰": 2946, "尤": 2947, "永": 2948, "镐": 2949, "雁": 2950, "巷": 2951, "钥": 2952, "笤": 2953, "英": 2954, "矸": 2955, "都": 2956, "糜": 2957, "雷": 2958, "抽": 2959, "唱": 2960, "帙": 2961, "载": 2962, "忐": 2963, "辟": 2964, "跚": 2965, "冶": 2966, "鹳": 2967, "睽": 2968, "泼": 2969, "伴": 2970, "厮": 2971, "喀": 2972, "菌": 2973, "厨": 2974, "呐": 2975, "城": 2976, "岛": 2977, "放": 2978, "泞": 2979, "号": 2980, "潦": 2981, "嫂": 2982, "筋": 2983, "行": 2984, "拄": 2985, "掳": 2986, "稻": 2987, "靶": 2988, "提": 2989, "姆": 2990, "宛": 2991, "秩": 2992, "冰": 2993, "A": 2994, "柄": 2995, "酉": 2996, "帖": 2997, "迄": 2998, "部": 2999, "肚": 3000, "恭": 3001, "毗": 3002, "砾": 3003, "雹": 3004, "郓": 3005, "嫣": 3006, "荐": 3007, "吧": 3008, "子": 3009, "潜": 3010, "遮": 3011, "缝": 3012, "h": 3013, "熏": 3014, "狸": 3015, "煲": 3016, "垣": 3017, "失": 3018, "喽": 3019, "以": 3020, "凰": 3021, "燧": 3022, "镰": 3023, "弱": 3024, "烈": 3025, "彤": 3026, "奏": 3027, "幡": 3028, "项": 3029, "倭": 3030, "绌": 3031, "猪": 3032, "橙": 3033, "八": 3034, "琉": 3035, "言": 3036, "俗": 3037, "弄": 3038, "倾": 3039, "健": 3040, "诣": 3041, "曝": 3042, "章": 3043, "铸": 3044, "活": 3045, "虾": 3046, "乍": 3047, "炭": 3048, "‘": 3049, "涛": 3050, "锭": 3051, "绮": 3052, "朦": 3053, "朱": 3054, "电": 3055, "枝": 3056, "阎": 3057, "坷": 3058, "坍": 3059, "诋": 3060, "靠": 3061, "佛": 3062, "宰": 3063, "撵": 3064, "阪": 3065, "普": 3066, "喙": 3067, "碟": 3068, "亿": 3069, "泱": 3070, "问": 3071, "顾": 3072, "求": 3073, "硒": 3074, "跻": 3075, "煊": 3076, "砰": 3077, "俸": 3078, "中": 3079, "飘": 3080, "惨": 3081, "滚": 3082, "揍": 3083, "湖": 3084, "妙": 3085, "虏": 3086, "蓄": 3087, "簧": 3088, "痣": 3089, "泵": 3090, "侍": 3091, "竺": 3092, "尬": 3093, "摹": 3094, "抑": 3095, "米": 3096, "糙": 3097, "7": 3098, "庚": 3099, "鉴": 3100, "虑": 3101, "请": 3102, "苟": 3103, "晖": 3104, "拘": 3105, "薯": 3106, "恪": 3107, "侮": 3108, "挤": 3109, "苔": 3110, "佟": 3111, "顷": 3112, "殡": 3113, "诲": 3114, "菊": 3115, "畈": 3116, "卸": 3117, "谡": 3118, "祖": 3119, "叭": 3120, "查": 3121, "璎": 3122, "尉": 3123, "曹": 3124, "殿": 3125, "吗": 3126, "兮": 3127, "埂": 3128, "捣": 3129, "你": 3130, "纺": 3131, "宴": 3132, "霾": 3133, "偎": 3134, "代": 3135, "媛": 3136, "懋": 3137, "陋": 3138, "娜": 3139, "邓": 3140, "漓": 3141, "蹉": 3142, "卉": 3143, "摩": 3144, "室": 3145, "水": 3146, "撬": 3147, "e": 3148, "赣": 3149, "暨": 3150, "券": 3151, "韪": 3152, "栉": 3153, "洋": 3154, "杠": 3155, "线": 3156, "岩": 3157, "锂": 3158, "鸽": 3159, "港": 3160, "加": 3161, "癜": 3162, "卿": 3163, "鸫": 3164, "菜": 3165, "辈": 3166, "歹": 3167, "搓": 3168, "惋": 3169, "瞬": 3170, "惶": 3171, "泠": 3172, "链": 3173, "径": 3174, "琛": 3175, "5": 3176, "踏": 3177, "叔": 3178, "咙": 3179, "滞": 3180, "篪": 3181, "柑": 3182, "掏": 3183, "佩": 3184, "庭": 3185, "嘻": 3186, "新": 3187, "写": 3188, "轰": 3189, "匕": 3190, "除": 3191, "啕": 3192, "规": 3193, "播": 3194, "讯": 3195, "册": 3196, "肺": 3197, "涣": 3198, "癖": 3199, "逗": 3200, "望": 3201, "羊": 3202, "夸": 3203, "宸": 3204, "凑": 3205, "唁": 3206, "扁": 3207, "嘶": 3208, "俺": 3209, "咔": 3210, "僳": 3211, "住": 3212, "服": 3213, "颅": 3214, "兢": 3215, "瓜": 3216, "锐": 3217, "把": 3218, "胀": 3219, "捱": 3220, "轧": 3221, "君": 3222, "椰": 3223, "合": 3224, "耶": 3225, "锈": 3226, "涪": 3227, "虽": 3228, "转": 3229, "殍": 3230, "峻": 3231, "擅": 3232, "盟": 3233, "漯": 3234, "肠": 3235, "羌": 3236, "弧": 3237, "话": 3238, "弑": 3239, "峰": 3240, "瓴": 3241, "袂": 3242, "翁": 3243, "仇": 3244, "北": 3245, "仪": 3246, "襟": 3247, "聊": 3248, "贵": 3249, "费": 3250, "拨": 3251, "此": 3252, "粳": 3253, "杰": 3254, "雏": 3255, "践": 3256, "探": 3257, "攥": 3258, "乒": 3259, "朋": 3260, "绛": 3261, "苘": 3262, "灵": 3263, "验": 3264, "l": 3265, "瘫": 3266, "棘": 3267, "吼": 3268, "肴": 3269, "囊": 3270, "暂": 3271, "瓦": 3272, "唯": 3273, "鹂": 3274, "翻": 3275, "）": 3276, "蚊": 3277, "嗯": 3278, "秦": 3279, "壑": 3280, "侧": 3281, "歇": 3282, "苇": 3283, "笑": 3284, "黑": 3285, "彬": 3286, "学": 3287, "丛": 3288, "独": 3289, "闩": 3290, "日": 3291, "街": 3292, "横": 3293, "绵": 3294, "冼": 3295, "妻": 3296, "列": 3297, "钦": 3298, "家": 3299, "额": 3300, "勉": 3301, "赛": 3302, "瑰": 3303, "拖": 3304, "德": 3305, "森": 3306, "擞": 3307, "锡": 3308, "龚": 3309, "辙": 3310, "潮": 3311, "蒋": 3312, "篑": 3313, "猖": 3314, "缺": 3315, "折": 3316, "沐": 3317, "票": 3318, "姑": 3319, "聒": 3320, "疙": 3321, "协": 3322, "绩": 3323, "名": 3324, "簿": 3325, "替": 3326, "稼": 3327, "赡": 3328, "阅": 3329, "类": 3330, "雕": 3331, "薪": 3332, "圣": 3333, "哲": 3334, "桩": 3335, "眶": 3336, "③": 3337, "河": 3338, "渐": 3339, "穗": 3340, "矗": 3341, "髅": 3342, "Ⅴ": 3343, "桅": 3344, "霁": 3345, "嚎": 3346, "沦": 3347, "马": 3348, "镠": 3349, "峥": 3350, "叻": 3351, "飓": 3352, "酗": 3353, "渠": 3354, "湍": 3355, "妊": 3356, "宓": 3357, "犟": 3358, "丽": 3359, "跺": 3360, "倩": 3361, "荻": 3362, "轫": 3363, "驾": 3364, "亟": 3365, "洌": 3366, "泷": 3367, "飚": 3368, "师": 3369, "杀": 3370, "虬": 3371, "氮": 3372, "胆": 3373, "斥": 3374, "嗦": 3375, "柚": 3376, "卵": 3377, "翳": 3378, "爸": 3379, "多": 3380, "影": 3381, "拼": 3382, "边": 3383, "卞": 3384, "诤": 3385, "揶": 3386, "芫": 3387, "紬": 3388, "初": 3389, "抠": 3390, "常": 3391, "谒": 3392, "隔": 3393, "腰": 3394, "偷": 3395, "胖": 3396, "莎": 3397, "殄": 3398, "凤": 3399, "讽": 3400, "骊": 3401, "天": 3402, "剂": 3403, "虹": 3404, "仰": 3405, "仲": 3406, "摒": 3407, "约": 3408, "撮": 3409, "炳": 3410, "沽": 3411, "迎": 3412, "印": 3413, "牛": 3414, "浪": 3415, "志": 3416, "崂": 3417, "坑": 3418, "酷": 3419, "榆": 3420, "访": 3421, "资": 3422, "色": 3423, "官": 3424, "免": 3425, "厅": 3426, "遴": 3427, "吝": 3428, "鬼": 3429, "旯": 3430, "诟": 3431, "鼠": 3432, "得": 3433, "框": 3434, "们": 3435, "炔": 3436, "镯": 3437, "釜": 3438, "赐": 3439, "聘": 3440, "沮": 3441, "薄": 3442, "巫": 3443, "慑": 3444, "泉": 3445, "末": 3446, "吵": 3447, "欹": 3448, "鼾": 3449, "浑": 3450, "恿": 3451, "络": 3452, "篆": 3453, "小": 3454, "厌": 3455, "泥": 3456, "胄": 3457, "颈": 3458, "螃": 3459, "侵": 3460, "铨": 3461, "己": 3462, "拯": 3463, "枇": 3464, "蕤": 3465, "幛": 3466, "鳗": 3467, "仆": 3468, "瞄": 3469, "熟": 3470, "覆": 3471, "怜": 3472, "锌": 3473, "等": 3474, "黝": 3475, "向": 3476, "丑": 3477, "煽": 3478, "踌": 3479, "塔": 3480, "胸": 3481, "去": 3482, "鞠": 3483, "诀": 3484, "檄": 3485, "婉": 3486, "暧": 3487, "疆": 3488, "侨": 3489, "赁": 3490, "拟": 3491, "锹": 3492, "粟": 3493, "谆": 3494, "×": 3495, "填": 3496, "愕": 3497, "藕": 3498, "正": 3499, "屉": 3500, "扇": 3501, "氓": 3502, "仅": 3503, "莠": 3504, "攫": 3505, "乙": 3506, "攸": 3507, "萨": 3508, "榷": 3509, "竽": 3510, "惬": 3511, "搪": 3512, "岱": 3513, "史": 3514, "午": 3515, "阴": 3516, "叨": 3517, "摇": 3518, "赞": 3519, "晟": 3520, "邸": 3521, "潋": 3522, "檐": 3523, "吉": 3524, "订": 3525, "藉": 3526, "徙": 3527, "羁": 3528, "板": 3529, "孚": 3530, "决": 3531, "赳": 3532, "哗": 3533, "m": 3534, "α": 3535, "髫": 3536, "任": 3537, "俪": 3538, "柔": 3539, "植": 3540, "珍": 3541, "联": 3542, "掀": 3543, "桎": 3544, "蹴": 3545, "棠": 3546, "蚂": 3547, "涸": 3548, "筚": 3549, "Ⅲ": 3550, "逝": 3551, "牙": 3552, "垫": 3553, "略": 3554, "寿": 3555, "区": 3556, "裱": 3557, "缳": 3558, "孀": 3559, "什": 3560, "幌": 3561, "钢": 3562, "眼": 3563, "辞": 3564, "焦": 3565, "谁": 3566, "闽": 3567, "吭": 3568, "∥": 3569, "琐": 3570, "伉": 3571, "螂": 3572, "帝": 3573, "邮": 3574, "萋": 3575, "涑": 3576, "蛤": 3577, "市": 3578, "黄": 3579, "储": 3580, "Ⅶ": 3581, "斯": 3582, "婴": 3583, "际": 3584, "锣": 3585, "姊": 3586, "教": 3587, "别": 3588, "拗": 3589, "稚": 3590, "讣": 3591, "佳": 3592, "扣": 3593, "掌": 3594, "瞪": 3595, "混": 3596, "昆": 3597, "沔": 3598, "茴": 3599, "瑚": 3600, "哪": 3601, "鱼": 3602, "懊": 3603, "—": 3604, "荒": 3605, "叉": 3606, "粽": 3607, "咐": 3608, "樟": 3609, "淮": 3610, "腻": 3611, "五": 3612, "匐": 3613, "猷": 3614, "膂": 3615, "真": 3616, "熊": 3617, "鲢": 3618, "浚": 3619, "掬": 3620, "腔": 3621, "芙": 3622, "怆": 3623, "槎": 3624, "誉": 3625, "殆": 3626, "力": 3627, "宇": 3628, "粤": 3629, "啡": 3630, "裳": 3631, "咏": 3632, "伟": 3633, "骅": 3634, "氦": 3635, "汝": 3636, "硅": 3637, "兵": 3638, "媳": 3639, "蒜": 3640, "亡": 3641, "赭": 3642, "瘁": 3643, "夺": 3644, "妃": 3645, "馏": 3646, "忿": 3647, "录": 3648, "距": 3649, "膜": 3650, "碉": 3651, "咒": 3652, "丐": 3653, "铡": 3654, "屑": 3655, "轿": 3656, "寐": 3657, "秆": 3658, "镑": 3659, "濡": 3660, "圹": 3661, "鸟": 3662, "骨": 3663, "诠": 3664, "踮": 3665, "忻": 3666, "郑": 3667, "胫": 3668, "龛": 3669, "橄": 3670, "意": 3671, "目": 3672, "虚": 3673, "稀": 3674, "厂": 3675, "育": 3676, "墩": 3677, "蓿": 3678, "漩": 3679, "嶂": 3680, "濑": 3681, "（": 3682, "跎": 3683, "孤": 3684, "函": 3685, "侃": 3686, "腱": 3687, "踹": 3688, "杏": 3689, "曰": 3690, "衫": 3691, "孪": 3692, "制": 3693, "没": 3694, "烧": 3695, "瑜": 3696, "再": 3697, "戌": 3698, "贤": 3699, "龄": 3700, "炙": 3701, "应": 3702, "苎": 3703, "声": 3704, "祺": 3705, "件": 3706, "仝": 3707, "含": 3708, "黠": 3709, "龃": 3710, "绺": 3711, "网": 3712, "摈": 3713, "苞": 3714, "秉": 3715, "摁": 3716, "祠": 3717, "灿": 3718, "跨": 3719, "坯": 3720, "柘": 3721, "融": 3722, "绕": 3723, "怠": 3724, "啊": 3725, "您": 3726, "锲": 3727, "翼": 3728, "懑": 3729, "赚": 3730, "垦": 3731, "狯": 3732, "久": 3733, "兔": 3734, "媲": 3735, "噌": 3736, "篝": 3737, "如": 3738, "渣": 3739, "渺": 3740, "氤": 3741, "鑫": 3742, "士": 3743, "腹": 3744, "绪": 3745, "逶": 3746, "做": 3747, "枰": 3748, "酽": 3749, "础": 3750, "霍": 3751, "袜": 3752, "块": 3753, "淹": 3754, "私": 3755, "观": 3756, "津": 3757, "辖": 3758, "谪": 3759, "媚": 3760, "了": 3761, "饿": 3762, "噙": 3763, "碘": 3764, "搬": 3765, "袁": 3766, "砌": 3767, "纬": 3768, "蹰": 3769, "扔": 3770, "盔": 3771, "玄": 3772, "蒸": 3773, "憎": 3774, "柏": 3775, "鳖": 3776, "摆": 3777, "首": 3778, "景": 3779, "峡": 3780, "蜂": 3781, "吞": 3782, "溪": 3783, "尔": 3784, "阡": 3785, "屡": 3786, "熄": 3787, "迩": 3788, "羞": 3789, "续": 3790, "晤": 3791, "慨": 3792, "借": 3793, "淀": 3794, "舵": 3795, "眭": 3796, "狮": 3797, "三": 3798, "栩": 3799, "娃": 3800, "斡": 3801, "趁": 3802, "更": 3803, "霜": 3804, "殊": 3805, "款": 3806, "薰": 3807, "胶": 3808, "尿": 3809, "省": 3810, "傍": 3811, "禅": 3812, "辎": 3813, "劲": 3814, "渲": 3815, "脑": 3816, "茸": 3817, "予": 3818, "立": 3819, "顶": 3820, "拥": 3821, "圾": 3822, "罟": 3823, "佬": 3824, "辣": 3825, "竭": 3826, "柩": 3827, "州": 3828, "扭": 3829, "袖": 3830, "辐": 3831, "物": 3832, "弛": 3833, "撒": 3834, "勒": 3835, "铣": 3836, "猬": 3837, "苜": 3838, "谑": 3839, "盯": 3840, "鸦": 3841, "逼": 3842, "粪": 3843, "剌": 3844, "耧": 3845, "贾": 3846, "碑": 3847, "盂": 3848, "眉": 3849, "搀": 3850, "腋": 3851, "烽": 3852, "使": 3853, "且": 3854, "菏": 3855, "荆": 3856, "邱": 3857, "愤": 3858, "崽": 3859, "啬": 3860, "浇": 3861, "搏": 3862, "间": 3863, "欠": 3864, "诞": 3865, "二": 3866, "侯": 3867, "』": 3868, "憧": 3869, "狡": 3870, "刊": 3871, "叫": 3872, "昼": 3873, "舷": 3874, "从": 3875, "换": 3876, "素": 3877, "俭": 3878, "凭": 3879, "胴": 3880, "阻": 3881, "盼": 3882, "挟": 3883, "辨": 3884, "手": 3885, "嫩": 3886, "呢": 3887, "盏": 3888, "耗": 3889, "馋": 3890, "楹": 3891, "讲": 3892, "瑕": 3893, "奋": 3894, "孺": 3895, "剧": 3896, "歃": 3897, "稗": 3898, "捐": 3899, "蝴": 3900, "留": 3901, "褚": 3902, "瘟": 3903, "挖": 3904, "衷": 3905, "镁": 3906, "丙": 3907, "怎": 3908, "葱": 3909, "拔": 3910, "窿": 3911, "枣": 3912, "筷": 3913, "掇": 3914, "要": 3915, "聂": 3916, "栅": 3917, "笙": 3918, "紧": 3919, "枕": 3920, "索": 3921, "心": 3922, "剩": 3923, "湘": 3924, "队": 3925, "踞": 3926, "见": 3927, "树": 3928, "驴": 3929, "锷": 3930, "胃": 3931, "将": 3932, "胼": 3933, "胜": 3934, "敌": 3935, "醐": 3936, "靓": 3937, "侗": 3938, "清": 3939, "梧": 3940, "竟": 3941, "p": 3942, "’": 3943, "瘪": 3944, "屏": 3945, "粒": 3946, "掺": 3947, "吏": 3948, "委": 3949, "醇": 3950, "近": 3951, "掷": 3952, "佐": 3953, "邬": 3954, "烯": 3955, "搞": 3956, "镀": 3957, "疏": 3958, "诸": 3959, "克": 3960, "痴": 3961, "嵋": 3962, "障": 3963, "鹉": 3964, "彷": 3965, "氛": 3966, "敦": 3967, "肤": 3968, "无": 3969, "自": 3970, "背": 3971, "颗": 3972, "澜": 3973, "凋": 3974, "渍": 3975, "顺": 3976, "蒂": 3977, "胰": 3978, "啻": 3979, "G": 3980, "涞": 3981, "术": 3982, "充": 3983, "浮": 3984, "渎": 3985, "霸": 3986, "歉": 3987, "疑": 3988, "炫": 3989, "塌": 3990, "晴": 3991, "吟": 3992, "护": 3993, "形": 3994, "管": 3995, "稍": 3996, "湎": 3997, "穑": 3998, "逢": 3999, "炽": 4000, "来": 4001, "抒": 4002, "譬": 4003, "斐": 4004, "①": 4005, "归": 4006, "月": 4007, "炼": 4008, "持": 4009, "蝶": 4010, "亲": 4011, "裹": 4012, "执": 4013, "蚩": 4014, "抉": 4015, "专": 4016, "佗": 4017, "畦": 4018, "哉": 4019, "时": 4020, "恍": 4021, "拦": 4022, "核": 4023, "犁": 4024, "缎": 4025, "慷": 4026, "飒": 4027, "醍": 4028, "茌": 4029, "必": 4030, "氧": 4031, "J": 4032, "赘": 4033, "兆": 4034, "盘": 4035, "鹤": 4036, "毅": 4037, "全": 4038, "蔬": 4039, "遨": 4040, "窒": 4041, "耦": 4042, "温": 4043, "餍": 4044, "雯": 4045, "贼": 4046, "雀": 4047, "毓": 4048, "挥": 4049, "雾": 4050, "0": 4051, "惮": 4052, "札": 4053, "桶": 4054, "四": 4055, "完": 4056, "处": 4057, "孩": 4058, "琏": 4059, "乱": 4060, "释": 4061, "饲": 4062, "徘": 4063, "骛": 4064, "邯": 4065, "廖": 4066, "对": 4067, "京": 4068, "挚": 4069, "撤": 4070, "祷": 4071, "动": 4072, "博": 4073, "副": 4074, "掉": 4075, "陵": 4076, "奢": 4077, "洵": 4078, "啧": 4079, "悖": 4080, "恬": 4081, "蕙": 4082, "它": 4083, "谊": 4084, "般": 4085, "窝": 4086, "丸": 4087, "携": 4088, "衡": 4089, "粕": 4090, "揭": 4091, "耕": 4092, "七": 4093, "璨": 4094, "蘑": 4095, "母": 4096, "闲": 4097, "凳": 4098, "傣": 4099, "隶": 4100, "彼": 4101, "．": 4102, "酮": 4103, "帚": 4104, "飨": 4105, "伺": 4106, "墒": 4107, "凉": 4108, "抗": 4109, "舱": 4110, "硫": 4111, "灏": 4112, "兜": 4113, "垂": 4114, "井": 4115, "挝": 4116, "地": 4117, "擎": 4118, "6": 4119, "眷": 4120, "厢": 4121, "措": 4122, "歌": 4123, "乓": 4124, "愫": 4125, "辫": 4126, "刹": 4127, "煌": 4128, "矩": 4129, "腺": 4130, "恣": 4131, "格": 4132, "椿": 4133, "蹊": 4134, "位": 4135, "广": 4136, "嫌": 4137, "缀": 4138, "吾": 4139, "▲": 4140, "璐": 4141, "坪": 4142, "濒": 4143, "脐": 4144, "凌": 4145, "嵘": 4146, "珊": 4147, "证": 4148, "设": 4149, "惟": 4150, "膀": 4151, "弃": 4152, "趋": 4153, "纠": 4154, "弋": 4155, "癫": 4156, "沏": 4157, "砝": 4158, "矫": 4159, "脂": 4160, "罗": 4161, "迁": 4162, "啉": 4163, "陆": 4164, "炒": 4165, "乳": 4166, "煤": 4167, "淬": 4168, "萦": 4169, "元": 4170, "楝": 4171, "襄": 4172, "违": 4173, "睛": 4174, "毫": 4175, "孰": 4176, "崎": 4177, "飕": 4178, "汛": 4179, "芷": 4180, "壹": 4181, "柜": 4182, "巩": 4183, "百": 4184, "啭": 4185, "白": 4186, "峦": 4187, "陛": 4188, "蜡": 4189, "寓": 4190, "璞": 4191, "颐": 4192, "吩": 4193, "栾": 4194, "皆": 4195, "藩": 4196, "呷": 4197, "泫": 4198, "虎": 4199, "撇": 4200, "戈": 4201, "光": 4202, "残": 4203, "趴": 4204, "睨": 4205, "营": 4206, "贯": 4207, "踯": 4208, "扮": 4209, "焙": 4210, "生": 4211, "璧": 4212, "烘": 4213, "拜": 4214, "琼": 4215, "趣": 4216, "炉": 4217, "步": 4218, "倍": 4219, "烬": 4220, "翰": 4221, "税": 4222, "解": 4223, "绶": 4224, "账": 4225, "磷": 4226, "铧": 4227, "溃": 4228, "桂": 4229, "喜": 4230, "然": 4231, "养": 4232, "桨": 4233, "总": 4234, "顿": 4235, "梓": 4236, "勘": 4237, "裤": 4238, "痪": 4239, "裨": 4240, "o": 4241, "暴": 4242, "断": 4243, "蹁": 4244, "f": 4245, "蘸": 4246, "敬": 4247, "卅": 4248, "馒": 4249, "踊": 4250, "冒": 4251, "岔": 4252, "曦": 4253, "盈": 4254, "衣": 4255, "蜷": 4256, "峪": 4257, "韭": 4258, "驰": 4259, "终": 4260, "琵": 4261, "反": 4262, "海": 4263, "怅": 4264, "嫔": 4265, "跪": 4266, "杜": 4267, "菩": 4268, "戍": 4269, "艺": 4270, "李": 4271, "缩": 4272, "登": 4273, "瀛": 4274, "荣": 4275, "鸿": 4276, "迦": 4277, "皂": 4278, "览": 4279, "扈": 4280, "漠": 4281, "佝": 4282, "钧": 4283, "著": 4284, "锟": 4285, "疝": 4286, "恺": 4287, "吃": 4288, "敖": 4289, "蹇": 4290, "憷": 4291, "椎": 4292, "某": 4293, "论": 4294, "刷": 4295, "蜘": 4296, "洼": 4297, "闭": 4298, "判": 4299, "悔": 4300, "客": 4301, "军": 4302, "镜": 4303, "古": 4304, "夕": 4305, "剖": 4306, "蓝": 4307, "挫": 4308, "斋": 4309, "靖": 4310, "喂": 4311, "缗": 4312, "戊": 4313, "鲳": 4314, "煦": 4315, "妨": 4316, "娠": 4317, "拓": 4318, "酋": 4319, "瞳": 4320, "洗": 4321, "冢": 4322, "芒": 4323, "t": 4324, "憾": 4325, "宜": 4326, "帆": 4327, "锥": 4328, "儆": 4329, "姐": 4330, "婆": 4331, "颁": 4332, "年": 4333, "辂": 4334, "崔": 4335, "殴": 4336, "肋": 4337, "劫": 4338, "售": 4339, "酯": 4340, "逾": 4341, "补": 4342, "境": 4343, "业": 4344, "桦": 4345, "信": 4346, "篓": 4347, "禀": 4348, "缥": 4349, "仗": 4350, "噶": 4351, "原": 4352, "磁": 4353, "即": 4354, "擘": 4355, "麦": 4356, "授": 4357, "1": 4358, "甲": 4359, "十": 4360, "拧": 4361, "酣": 4362, "隗": 4363, "挡": 4364, "沫": 4365, "憋": 4366, "耐": 4367, "碌": 4368, "爻": 4369, "嫖": 4370, "轻": 4371, "胺": 4372, "铐": 4373, "T": 4374, "颖": 4375, "蜈": 4376, "讥": 4377, "接": 4378, "哥": 4379, "浆": 4380, "驿": 4381, "出": 4382, "嘱": 4383, "陪": 4384, "橱": 4385, "式": 4386, "骑": 4387, "跆": 4388, "帧": 4389, "进": 4390, "汪": 4391, "庇": 4392, "值": 4393, "k": 4394, "标": 4395, "W": 4396, "署": 4397, "弊": 4398, "搁": 4399, "止": 4400, "遍": 4401, "姗": 4402, "沁": 4403, "熹": 4404, "盎": 4405, "宠": 4406, "点": 4407, "箱": 4408, "蜀": 4409, "揽": 4410, "搂": 4411, "事": 4412, "公": 4413, "店": 4414, "躯": 4415, "骈": 4416, "亘": 4417, "皙": 4418, "蓬": 4419, "罕": 4420, "凄": 4421, "贿": 4422, "翌": 4423, "蹭": 4424, "墨": 4425, "蓑": 4426, "况": 4427, "郡": 4428, "紊": 4429, "鏊": 4430, "泣": 4431, "算": 4432, "度": 4433, "奈": 4434, "渔": 4435, "酥": 4436, "昊": 4437, "戮": 4438, "姚": 4439, "砭": 4440, "擦": 4441, "咳": 4442, "芽": 4443, "旖": 4444, "庖": 4445, "围": 4446, "爪": 4447, "趸": 4448, "梦": 4449, "嘎": 4450, "郏": 4451, "岖": 4452, "缸": 4453, "麋": 4454, "臃": 4455, "剥": 4456, "腆": 4457, "弈": 4458, "九": 4459, "／": 4460, "硝": 4461, "豹": 4462, "坏": 4463, "嚷": 4464, "包": 4465, "喻": 4466, "休": 4467, "痫": 4468, "番": 4469, "K": 4470, "娩": 4471, "娶": 4472, "妁": 4473, "方": 4474, "舸": 4475, "赝": 4476, "睁": 4477, "捏": 4478, "晰": 4479, "玮": 4480, "赢": 4481, "但": 4482, "待": 4483, "缠": 4484, "R": 4485, "萍": 4486, "裘": 4487, "恒": 4488, "妍": 4489, "谕": 4490, "落": 4491, "陇": 4492, "锚": 4493, "后": 4494, "辚": 4495, "烟": 4496, "跛": 4497, "贪": 4498, "祭": 4499, "昧": 4500, "射": 4501, "展": 4502, "酚": 4503, "走": 4504, "獐": 4505, "维": 4506, "寂": 4507, "废": 4508, "c": 4509, "靴": 4510, "觑": 4511, "佤": 4512, "铅": 4513, "柴": 4514, "抖": 4515, "偕": 4516, "珂": 4517, "4": 4518, "瞟": 4519, "髓": 4520, "舶": 4521, "最": 4522, "邹": 4523, "抻": 4524, "净": 4525, "变": 4526, "发": 4527, "枢": 4528, "圳": 4529, "绢": 4530, "韶": 4531, "耸": 4532, "瞠": 4533, "府": 4534, "豁": 4535, "纪": 4536, "鞅": 4537, "芦": 4538, "拎": 4539, "憩": 4540, "毯": 4541, "纤": 4542, "建": 4543, "畸": 4544, "烨": 4545, "撼": 4546, "卡": 4547, "绸": 4548, "弘": 4549, "益": 4550, "牾": 4551, "夫": 4552, "窖": 4553, "氰": 4554, "习": 4555, "夏": 4556, "酌": 4557, "奠": 4558, "蕊": 4559, "契": 4560, "H": 4561, "已": 4562, "隋": 4563, "骄": 4564, "碎": 4565, "瘩": 4566, "谣": 4567, "担": 4568, "彻": 4569, "淄": 4570, "狞": 4571, "藜": 4572, "狰": 4573, "嚓": 4574, "瞅": 4575, "关": 4576, "汴": 4577, "抹": 4578, "r": 4579, "Ⅳ": 4580, "铀": 4581, "杷": 4582, "节": 4583, "刁": 4584, "砥": 4585, "箢": 4586, "啜": 4587, "抿": 4588, "滟": 4589, "脏": 4590, "瘸": 4591, "哎": 4592, "箪": 4593, "岂": 4594, "渴": 4595, "窄": 4596, "饭": 4597, "缉": 4598, "骋": 4599, "扛": 4600, "倔": 4601, "附": 4602, "焕": 4603, "示": 4604, "U": 4605, "鹅": 4606, "镇": 4607, "枉": 4608, "尧": 4609, "嗖": 4610, "让": 4611, "聋": 4612, "纂": 4613, "弥": 4614, "在": 4615, "虞": 4616, "箔": 4617, "园": 4618, "灶": 4619, "旭": 4620, "蛰": 4621, "盗": 4622, "耘": 4623, "沟": 4624, "蟑": 4625, "谚": 4626, "蘖": 4627, "逃": 4628, "膊": 4629, "锁": 4630, "枚": 4631, "毁": 4632, "棵": 4633, "汊": 4634, "w": 4635, "寰": 4636, "檬": 4637, "美": 4638, "瑛": 4639, "瓢": 4640, "恽": 4641, "魄": 4642, "耄": 4643, "葵": 4644, "棰": 4645, "匹": 4646, "均": 4647, "廛": 4648, "蒙": 4649, "参": 4650, "箍": 4651, "通": 4652, "阑": 4653, "犹": 4654, "僧": 4655, "赠": 4656, "涉": 4657, "瘙": 4658, "讷": 4659, "钱": 4660, "崭": 4661, "灯": 4662, "职": 4663, "○": 4664, "辇": 4665, "何": 4666, "势": 4667, "岁": 4668, "似": 4669, "昕": 4670, "梨": 4671, "囿": 4672, "梳": 4673, "慢": 4674, "郅": 4675, "指": 4676, "匍": 4677, "往": 4678, "缭": 4679, "恨": 4680, "贺": 4681, "粑": 4682, "陌": 4683, "噬": 4684, "皴": 4685, "作": 4686, "获": 4687, "鬻": 4688, "确": 4689, "仓": 4690, "谜": 4691, "悍": 4692, "翔": 4693, "褶": 4694, "并": 4695, "坳": 4696, "》": 4697, "染": 4698, "屎": 4699, "冬": 4700, "祈": 4701, "非": 4702, "宏": 4703, "醉": 4704, "菇": 4705, "布": 4706, "躲": 4707, "埠": 4708, "则": 4709, "埔": 4710, "湛": 4711, "潺": 4712, "烃": 4713, "器": 4714, "卯": 4715, "沸": 4716, "掠": 4717, "婚": 4718, "川": 4719, "牺": 4720, "蹿": 4721, "嘭": 4722, "寅": 4723, "熙": 4724, "鲇": 4725, "葩": 4726, "沿": 4727, "漾": 4728, "炸": 4729, "轴": 4730, "程": 4731, "云": 4732, "征": 4733, "冲": 4734, "汞": 4735, "咚": 4736, "料": 4737, "据": 4738, "岳": 4739, "冻": 4740, "诛": 4741, "愚": 4742, "荤": 4743, "迫": 4744, "撕": 4745, "凶": 4746, "害": 4747, "苗": 4748, "跟": 4749, "浓": 4750, "冀": 4751, "崇": 4752, "卤": 4753, "着": 4754, "牲": 4755, "武": 4756, "骞": 4757, "荷": 4758, "④": 4759, "猝": 4760, "荔": 4761, "谤": 4762, "挎": 4763, "键": 4764, "狂": 4765, "祀": 4766, "宕": 4767, "鲈": 4768, "息": 4769, "怨": 4770, "却": 4771, "·": 4772, "蛀": 4773, "磕": 4774, "偏": 4775, "嗣": 4776, "璪": 4777, "软": 4778, "助": 4779, "血": 4780, "浦": 4781, "尸": 4782, "翩": 4783, "拽": 4784, "殒": 4785, "灰": 4786, "斤": 4787, "长": 4788, "尖": 4789, "韦": 4790, "忏": 4791, "闺": 4792, "鏖": 4793, "袭": 4794, "鲸": 4795, "肖": 4796, "铆": 4797, "斟": 4798, "例": 4799, "镕": 4800, "巨": 4801, "轺": 4802, "漶": 4803, "涌": 4804, "罂": 4805, "鹗": 4806, "鄱": 4807, "兄": 4808, "惧": 4809, "荏": 4810, "贫": 4811, "括": 4812, "侦": 4813, "膏": 4814, "弦": 4815, "忡": 4816, "莒": 4817, "潇": 4818, "上": 4819, "偬": 4820, "钙": 4821, "琶": 4822, "涕": 4823, "呼": 4824, "怔": 4825, "图": 4826, "丁": 4827, "卧": 4828, "外": 4829, "叮": 4830, "榜": 4831, "懂": 4832, "邑": 4833, "济": 4834, "娓": 4835, "同": 4836, "舅": 4837, "镍": 4838, "占": 4839, "褥": 4840, "巳": 4841, "逞": 4842, "驹": 4843, "乐": 4844, "靡": 4845, "磅": 4846, "吨": 4847, "轳": 4848, "照": 4849, "属": 4850, "捉": 4851}